glayCluster,name
4,ZNF280C
3,AC010226.1
3,AC108058.1
3,AL445231.1
4,SCUBE2
3,AQP4-AS1
1,PGK1
1,MYL6
2,LINC00466
2,SYN3-AS1
2,LINC00622
4,FGD6
2,THRB-AS1
4,DSCAML1
5,MIR22HG
3,AL391684.1
3,AC004148.1
3,SEMA6A-AS1
1,CFD
2,LINC00160
4,ANO2
6,ZSWIM7
1,ZDHHC14
4,WIPI1
1,WDR77
3,LNCTAM34A
3,AC013731.1
3,LINC02672
3,LINC02041
3,AL357093.2
1,VLDLR
6,TXNL4B
4,TUBB
4,TTI1
1,TNFRSF21
9,TMEM62
6,TMEM38B
4,TM9SF4
4,TIMM13
4,TGFB1
4,TCF25
3,PRC1-AS1
3,AC011468.1
3,NCBP2-AS1
4,TACC3
2,LINC00222
1,SSR4
4,SNAI1
4,SMG5
4,SLC16A1
6,RRAGC
4,RFC5
7,LINC01936
7,MIR3681HG
7,TTLL10-AS1
3,LINC00877
1,PSMC4
4,PSMA7
4,PPIB
2,POMC
4,PLEKHG2
4,PLD3
4,PDLIM7
6,PCDH10
4,PAPSS1
6,ORAI3
1,NFKBIA
6,NDUFAF1
4,NCAPG
4,MELK
4,MDP1
4,MCM10
1,MAD1L1
4,KIF2C
1,JUNB
4,JTB
6,INTS10
3,RPARP-AS1
1,IFI27
4,HSD17B4
3,AC025580.1
3,AC006042.1
3,LINC02701
1,HLA-A
4,HJURP
4,GRHL2
4,GPX4
4,GNB5
4,GMPPA
4,GLO1
4,GINS1
4,GGT7
5,AL161729.1
5,AC087500.1
5,AC096637.2
4,FSCN1
4,FBXO31
4,FAM210A
6,EIF1AD
6,ECI2
1,DNAJB6
5,AC046130.2
1,DDX1
4,DDAH2
4,DBN1
4,DBF4B
2,LINC00665
4,CKS1B
4,CHMP1A
4,CEL
4,CDKN3
2,CDKN2B
4,CDCA5
4,CDC7
4,CDC25B
4,CCDC125
6,CBS
1,BCORL1
1,ATP8B2
1,ARHGEF40
4,AGPAT1
4,UBE2V1
4,TNFRSF11B
1,TMTC2
3,RBFADN
7,IGF2-AS
3,AC231981.1
5,AC106820.4
1,ZNRF1
3,AP001318.2
1,YWHAZ
3,MAST4-AS1
3,SNHG25
3,MAFTRR
3,AC080013.1
3,Z98884.2
3,ODC1-DT
3,AC010326.3
3,SNHG31
3,AC090912.1
3,AC025171.2
3,AC009271.1
3,AC046143.1
6,TUBA4A
1,TPST1
1,TMEM98
1,TMEM42
4,TBKBP1
3,AC243964.3
1,SNX2
1,RNF19A
3,AL355304.1
3,AP005230.1
4,RAD23A
1,PRKCZ
1,PPIC
1,PLAGL1
1,PF4V1
1,PCYT1A
1,NUP93
1,NDUFA12
3,ATP1A1-AS1
6,LRRC2
1,LRFN5
1,KHDRBS3
3,AL031985.3
3,AC073254.1
3,AL592424.1
3,HAGLR
1,HPSE2
3,AC064807.1
4,GLRX3
5,AC106791.1
5,BAALC-AS1
4,FGFR4
6,EXPH5
1,ECH1
4,DNER
5,AC091182.1
5,AL451069.1
5,AP000757.1
6,CPA4
1,COQ9
1,CDC25C
4,CCNY
1,CCDC102A
1,BTBD3
1,ARSK
1,ANAPC7
4,ACHE
4,ZNF629
4,ZNF32
4,ZNF280B
4,ZNF22
4,ZFPM1
4,ZFP82
4,ZDHHC24
3,AC013643.2
6,XDH
6,WNT5A
4,WFS1
3,AL136038.3
3,AC092718.1
3,AC119674.1
3,AC040169.1
3,ZBTB44-DT
3,AL356417.2
3,AC011921.1
3,AL132639.2
3,YTHDF3-AS1
3,LINC00930
3,GLIS2-AS1
4,VPS4A
6,VCAN
4,USP11
4,UQCC1
3,LINC02861
3,ARHGAP31-AS1
3,AC092115.3
3,AC002467.1
3,ZNF674-AS1
3,LINC01508
3,GATA2-AS1
4,UBA7
4,TSGA10
4,TRPC6
4,TRO
4,TRMT61A
4,TRIT1
4,TRIM16L
6,TRIAP1
6,TREM1
4,TRAPPC9
4,TRAPPC6A
4,TRAF6
4,TP53I11
4,TMEM116
4,TKFC
6,TK2
3,LINC00115
3,AC097717.1
7,LINC02609
4,TCF7L1
6,TBX5
4,TBC1D24
4,TBC1D2
3,AC008760.1
9,SYT6
4,SYNE1
4,SULT2B1
4,STMN3
6,STEAP2
4,STAM
4,SRSF7
6,SRA1
6,SPSB3
6,SPP1
4,SPCS2
1,SOX4
6,SLC35F3
4,SLC33A1
6,SLC2A12
4,SLC29A4
4,SLC27A5
4,SLC27A4
4,SLC25A45
4,SLC25A42
1,SIL1
4,SIKE1
6,SEZ6L2
1,SEMA6D
4,SCML2
4,SARS2
1,RTN2
4,ROPN1L
1,RNF103
4,RND3
1,RIN1
4,RIMKLB
6,RFC2
7,AC104564.5
7,LINC02356
7,AC064807.2
7,AC104653.2
7,CA3-AS1
7,AC132219.1
7,LINC01497
7,AC055854.1
7,AC097359.3
7,PKIA-AS1
7,AC010632.1
7,KHDRBS2-OT1
7,EFCAB6-AS1
7,AC092535.2
7,AL049543.1
7,LINC00457
7,LINC01511
7,AC092650.1
7,LINC02642
7,AL121832.1
7,WDR11-AS1
7,AC024588.1
7,CACNA1C-AS2
1,RBM12B
3,PPP3CB-AS1
3,AC091544.4
3,AC106779.1
3,AC006305.1
3,BCAR3-AS1
3,AC107223.1
3,LINC02235
3,AL359094.1
3,LINC01518
3,AC103760.1
7,DARS-AS1
3,LINC02352
3,AP005136.3
3,DNM1P35
4,RBBP6
1,RASGEF1A
6,PRKAR1B
1,PPP2R2B
4,PPIL2
4,PPIE
4,PPFIA3
2,GRIK1-AS1
4,POFUT2
4,PLXNA4
1,PLPP2
4,PLCD4
4,PKNOX2
1,PIM1
4,PDPR
4,PAX8
1,PAFAH1B3
1,P3H3
4,OXSM
1,ODF3B
4,NUCB1
4,NR2C1
4,NPC1
4,NDUFV3
4,NDUFC2
4,NCOA5
4,MYNN
4,MYH3
2,MYB
4,MTF2
4,MSRB2
4,MRS2
4,MRPL12
3,AC012358.2
3,AL162595.1
4,MMEL1
4,MLH3
4,MEN1
4,MED29
4,MED20
2,MDM2
4,MCRS1
4,MBLAC1
6,LYPLA2
4,LRRC23
4,LAMB3
4,KRT80
4,KPTN
4,KIT
1,KISS1
6,KCND1
6,ITPA
6,ISYNA1
4,ISOC2
4,IPO13
4,INTS3
6,INTS1
6,IMP3
3,AL022238.2
3,PRMT5-AS1
3,AC139887.2
3,AL450306.1
3,AL161452.1
3,AC144548.1
3,AC026191.1
3,AL512353.1
3,CTC-338M12.4
3,AP001372.1
4,IFT140
3,DAAM2-AS1
3,AL359317.1
3,AL354836.1
3,FALEC
3,AC092756.1
3,ZBTB20-AS1
3,AC023830.1
3,AC005410.2
3,AC009549.1
3,LINC00640
3,AC009404.1
3,AC005355.1
3,LINC02069
3,CLIP1-AS1
3,AC079385.2
3,AC104785.1
4,HFM1
4,GPS1
2,GNAS
4,GNAI1
4,GMEB2
6,GET4
4,GDF15
4,GCDH
2,GATA1
4,FZD8
5,KIAA1671-AS1
5,BRWD1-AS2
5,AP001442.1
5,AC018647.1
5,JARID2-AS1
5,AC092802.1
7,AL359504.1
5,TOB1-AS1
5,AC131097.2
5,AL162311.3
5,AC133550.3
5,AC005722.3
5,LINC02601
5,AL117336.2
5,AC006058.1
5,LINC02731
3,FAM181A-AS1
5,AC026471.2
5,AC010883.1
5,RPL34-DT
5,LINC01431
5,LINC02328
5,HIPK1-AS1
5,GIHCG
5,AC010422.1
3,PPP1R12A-AS1
5,AC099778.1
5,AC092828.1
5,EMC1-AS1
5,AL138690.1
4,FTCD
4,FKBP1A
6,FHOD3
4,FAM167A
4,ESM1
1,ERO1A
4,ERCC2
6,ENAH
6,EMG1
6,EME1
2,PRKCQ-AS1
4,ELAC1
6,EIF6
4,EFCAB2
2,LINC00652
4,DYRK4
4,DNAJC5
7,RPL37A-DT
5,AC008915.2
5,AL353795.2
5,TBX2-AS1
5,AC087294.1
5,AC134682.1
5,MHENCR
5,AP002748.4
4,DCLK2
6,DCAF13
6,CST3
6,CSF2
1,CRIP1
2,PRKAG2-AS1
3,GS1-24F4.2
3,AC012645.1
3,AC007292.1
3,TFAP2E-AS1
3,EZR-AS1
4,COX6C
1,COL7A1
4,CNOT3
4,CMBL
6,CKLF
4,CHTF18
2,NRAD1
4,CDH2
4,CDC42EP3
4,CCNF
4,CALR
4,CACNB1
4,C3orf33
6,BPGM
4,BCKDHA
4,BCAT2
4,B9D1
4,B4GALT7
4,ASTE1
4,ASAP3
4,ARHGAP39
4,ARF6
6,ARF5
2,FAM87B
1,APCDD1L
4,ANXA2
1,ANG
4,ALG5
1,ALDOC
6,AKR1B1
4,AEN
6,ADORA2B
4,ADCY1
1,ABCC1
3,AC092718.2
3,LINC01220
2,LINC00313
6,SYN3
6,SUCLA2
6,STC2
9,SPAG1
6,SOCS5
4,SNRK
6,SERINC1
6,SDHB
6,SATB1
6,RHBDD1
7,LIX1-AS1
7,HID1-AS1
3,LINC02774
9,RASGRF2
5,AC027097.1
6,PJA2
6,PIP5K1A
6,PIK3C3
6,PHF10
9,OMG
6,MTM1
6,MLF1
9,MATN4
6,LEMD3
6,LDB2
6,KLF6
6,KAT2B
6,IPO11
6,IBTK
6,HSPB7
2,AC073389.1
3,GPRC5D-AS1
3,LINC01537
6,HDX
6,GPRASP1
2,BACH1-IT2
5,AC007406.3
6,ETS2
6,DNAJB5
9,DLX2
6,DDX3X
1,DAAM2
5,PROSER2-AS1
6,COL14A1
6,CLEC14A
2,MLIP-IT1
2,MIMT1
6,CDK20
9,CCL16
6,C3orf52
6,BTG2
6,BTF3L4
6,BMP2
6,APOLD1
6,AP1S3
6,A2M
3,AL596218.1
3,AC090241.2
3,CFAP58-DT
3,AL353751.1
1,TWIST1
1,TRPV2
6,TOLLIP
1,TMEM63B
6,TMEM135
6,THNSL2
4,TFR2
1,TBX18
1,STIP1
6,SRD5A1
1,SPON2
1,SFRP4
7,AL162424.1
3,STPG2-AS1
1,RALB
1,PDE4DIP
1,NINJ2
3,LINC01934
3,LINC02542
3,KLRK1-AS1
3,HLA-DQB1-AS1
3,SNAI3-AS1
6,LRRC20
6,JUP
6,ITGB3BP
6,IL15
1,IGFBP6
3,AC025043.1
3,AC093843.1
5,AC004540.2
3,LINC02188
3,EML4-AS1
3,AP001496.2
3,AL031123.1
1,HEATR3
6,GUCD1
6,GRAMD4
4,GIPR
2,ZNF503-AS1
5,IL21R-AS1
5,AC087645.2
5,AC120036.4
4,ECM1
1,DNAJA1
1,DLGAP5
5,LINC02714
1,DCLK1
6,CXorf38
3,GSTCD-AS1
6,CSE1L
7,ITFG2-AS1
4,CLSPN
4,CDCA7
4,CBX8
4,CBFA2T3
1,BGN
1,ARPC2
1,ARHGAP15
9,APLN
1,ANKRD35
7,AL390195.1
1,SEMA3D
3,AL359921.1
4,AVIL
6,ALPK2
4,ZNF585A
4,ZNF394
4,ZNF276
4,ZNF23
4,ZNF16
4,ZNF140
4,ZKSCAN5
4,ZFP37
6,ZDHHC21
4,ZCWPW1
4,ZCCHC14
4,ZBTB7B
4,ZBTB43
4,YTHDC1
4,XRRA1
4,XPNPEP3
4,WWP1
4,WFIKKN1
4,WDR73
4,VPS37A
4,USP44
4,USP38
4,USP36
3,NCK1-DT
3,AC104135.1
4,UNK
4,UBN1
4,TUT1
4,TTC19
4,TSC1
4,TRPV1
4,TRPM4
4,TRMT2B
4,TRIM8
4,TRIM59
4,TRIM56
4,TP53BP1
4,TOR1AIP2
4,TNS2
4,TNRC18
4,TMEM87A
4,TMEM190
4,TMC4
4,TLK2
4,TLE1
4,TGFBRAP1
4,TFDP2
4,TBC1D9B
4,TAOK2
4,SYVN1
4,STT3B
4,STK11IP
4,SRSF4
4,SRRM2
4,SPTAN1
4,SPPL2B
4,SPEN
4,SP3
4,SNX27
4,SNX22
4,SNRNP70
4,SLX1A
4,SLC34A3
4,SLC22A15
4,SLC12A7
4,SHROOM3
4,SHANK1
4,SH3BP1
4,SGSM3
4,SETDB2
4,SETD5
4,SETD1B
4,SESN3
4,SCRIB
4,SCD
4,SBF1
4,RTKN2
4,RSBN1
4,RPRD2
4,ROBO1
4,RNF43
4,RGS20
4,RFX7
4,RCCD1
4,RC3H2
4,RBM47
3,AC068533.3
4,RB1CC1
4,RAPGEF6
4,RABGAP1
4,RAB40C
4,QRICH2
4,PTPRS
4,PPP4R3A
4,PPP1R12C
4,PPAN
2,ITPK1-AS1
4,POU2F1
4,PNPLA7
4,PNKP
4,PLXNA3
4,PLXNA1
4,PLEKHM1
4,PLD6
4,PLCG1
4,PLCB4
4,PILRB
4,PIK3CD
4,PGPEP1
4,PELI1
4,PCDH7
4,PACS1
4,P2RY11
4,OSBPL2
6,ORAI2
4,NUSAP1
4,NUDT4
4,NUAK2
4,NRBP2
4,NR2F1
4,NETO1
4,NEK9
4,NEIL1
4,NCOR2
4,NCOA1
4,NBPF11
4,NAV2
4,MYH14
4,MUC1
4,MTHFR
4,MTG1
4,MORF4L1
4,MORC4
4,MOB2
4,MLLT6
4,METTL2B
4,METTL16
4,MED25
4,MED15
6,MBD6
4,MATN2
4,MAP4K4
4,MAP3K6
4,MAP3K13
4,MAP3K12
4,MAP3K11
4,MAMDC4
4,MAFK
4,LTBP4
4,LTBP3
6,LTBP2
4,LTB4R
4,LSS
4,LRRFIP2
4,LRIG2
4,LMF1
4,LIME1
4,LCLAT1
4,LARP1
4,KLHDC4
4,KIAA0319L
4,IVD
4,ITGB8
4,ITGA10
4,IRGQ
4,INO80
4,IMPG2
4,IL4R
4,IL17RD
4,IKBKE
4,HUNK
4,HSF5
3,AC004000.1
3,AC007533.1
3,AL590723.1
3,AC096564.1
4,HEXIM1
4,HDAC6
4,H6PD
4,GTPBP1
6,GPR68
4,GPN2
4,GP1BA
4,GOLGA2
4,GOLGA1
4,GMEB1
4,GJC3
4,GIGYF1
4,GAS8
3,AC090198.1
5,DTX2P1-UPK3BP1-PMS2P11
4,FSCN2
4,FOXD4L3
4,FLRT3
4,FHOD1
4,FBXW7
4,FBXL2
4,FBLN7
4,FARP1
4,FAM50A
4,ERN1
4,EPS8L1
4,EPHB4
4,EIF4ENIF1
2,PCED1B-AS1
4,EHMT1
6,EFEMP1
2,TMSB15B-AS1
4,DZIP3
4,DPP8
4,DOCK9
4,DOCK5
4,DNHD1
4,DMAP1
4,DHX36
4,DGKA
4,CYLD
4,CROCC
4,CRCP
4,COX19
4,CNOT8
4,CLK3
4,CLASP1
4,CHST12
4,CHD6
4,CEP68
4,CEP350
4,CDKN2AIP
4,CDK10
4,CDC42BPG
4,CD22
4,CCDC62
4,CCDC159
4,CAMTA2
4,CAMSAP1
4,CA13
4,C17orf67
4,BPTF
1,BCAR1
4,ATP2A1
4,ASPDH
4,ARRDC1
4,ARHGEF2
4,ARHGEF17
4,ARHGEF1
4,ARFGAP2
4,APBB3
4,AP5B1
4,AP1G2
4,AOC2
4,ANO1
4,ANKRD11
4,ANAPC2
4,AMOTL2
4,AMOT
4,AMMECR1L
4,AGFG2
4,AFTPH
4,ADAT3
4,ACSF3
4,ABLIM1
4,ABCA2
1,AADAT
4,PRIM1
4,NUP37
4,TNFSF4
4,ESF1
4,ZNF501
3,AC104958.1
4,VAMP4
4,TCEA3
6,SPOCK1
4,SLFN5
6,PPP1R12A
2,STARD13-IT1
4,ZNHIT2
6,ZMAT3
4,WIPI2
1,WFDC3
3,AP001189.3
3,AC010967.1
1,TTC1
1,TRNT1
4,TBL3
2,HAR1A
2,EMX2OS
6,SNAI2
4,SLC25A19
6,SLC25A11
6,SCG5
9,RTN4IP1
7,AC107959.1
7,AC005670.3
7,RARA-AS1
7,AC096677.1
7,AC022217.3
7,AC139887.1
7,AC008840.1
7,AC145285.2
7,FAM225B
7,LINC02447
3,LINC02715
3,AL357146.1
7,LINC00578
3,AC097512.1
3,AC026470.2
3,LINC02388
3,HSD11B1-AS1
3,AL136298.1
3,LINC02044
3,TONSL-AS1
6,RARRES1
4,PRPF6
4,PRPF19
1,PLA2G15
6,PIDD1
1,PFKFB4
6,PDZRN3
4,PACSIN3
4,NAB2
4,MYO1C
3,AC007319.1
2,BACH1-AS1
3,AC107959.2
3,AL592166.1
3,C5orf34-AS1
3,LAMA4-AS1
3,AC093866.1
6,MLXIP
1,MAP1S
1,LRRC59
1,KISS1R
1,JARID2
3,HOXA-AS3
3,AL160006.1
3,AC008040.1
1,IGF1R
1,IFNGR2
6,IFIT5
4,ICAM2
7,AC011476.3
2,ENO1-AS1
3,AL442663.3
3,Z99289.1
3,LINC02298
3,AC110285.1
4,GTF2F1
3,LINC01524
5,AC010300.1
5,AC007823.1
5,AC004241.1
5,LINC01771
5,AC131254.1
5,AL136084.1
5,AC015909.3
5,AC080129.2
5,RNF217-AS1
5,LINC00598
5,AC015909.2
6,FADS3
2,HMGA1P4
4,DHRS1
6,DDB2
2,LINC00315
4,CSK
3,AP000873.2
3,AL353622.1
3,LINC01563
3,MED8-AS1
3,LIMD1-AS1
3,AC000120.1
3,LRRC8C-DT
3,AC025682.1
3,AC008731.1
3,ZKSCAN7-AS1
9,CDKN1A
6,CCNI
4,CAPN1
4,BRD4
4,AP2A2
1,ACP5
3,LINC01235
1,NEK4
5,AL356966.1
1,DNM1L
1,DIS3L
1,YPEL4
3,CD81-AS1
1,UBE3D
1,UBA3
6,THBS2
6,SULF1
4,SPG7
1,SENP7
1,SENP1
1,RPAP3
7,AL031600.2
7,AL358115.1
7,SPACA6P-AS
3,PCAT7
1,PTOV1
1,PSMD9
1,PPM1B
6,PDS5B
1,PCYOX1L
1,PCGF5
1,NPHP3
1,N4BP1
3,AP000873.4
3,CCDC18-AS1
3,AC006160.1
1,LIN7C
2,SFTA1P
1,IRAK4
3,BAIAP2-DT
4,IFT81
1,IDUA
3,AC024361.2
3,AC026358.1
3,TH2LCRR
5,NFE2L1-DT
5,LENG8-AS1
5,AC138035.1
5,AC099811.1
5,AC011466.1
5,AC016876.1
5,AC060780.1
5,MCM3AP-AS1
5,AC010624.3
5,AC100830.1
2,AC008735.2
4,FBXO5
6,ETV6
1,COG7
1,CEP89
1,CCDC186
2,ATF3
1,ASNS
1,AMT
1,ADPRM
6,ADAMTS5
1,AASS
6,WDFY4
6,VCAM1
3,AC135178.6
6,UCP2
6,TNFSF14
6,STK17B
6,SP140
6,SMAP2
7,AL032819.1
3,LINC02615
6,RAC2
6,PTGER2
6,PLEK
6,PLAC8
6,P2RX5
4,NUMA1
6,NFKB2
6,NCR3
1,NARS2
6,LYN
6,LNPEP
6,IL7R
6,IFI30
5,AC019257.1
6,FGF7
3,NUTM2A-AS1
6,CNR2
6,CLNK
6,CDC42SE2
6,CD4
6,CCDC102B
6,C1orf162
6,BCAS4
6,ARHGAP25
3,AC073896.3
3,LINC00909
3,AC124242.1
3,ATP2B1-AS1
3,AC079807.1
3,AC114488.1
6,TUBA1A
4,SP100
6,RAB9B
4,PRPF40B
6,PDK4
2,RMST
4,MITD1
4,LRRC56
4,KLHL3
6,KCNN3
3,AC021087.3
3,AC007383.1
2,WT1-AS
3,WAC-AS1
3,AC005082.1
5,PXN-AS1
5,ALG1L9P
5,ASB16-AS1
2,LINC00114
6,FHL1
5,AL161756.1
5,AL357079.1
4,DCUN1D2
5,AL133230.1
4,CDKL3
4,CASP4
6,CACNB2
4,ANKHD1-EIF4EBP3
4,AHI1
4,ZNF740
1,ZNF667
4,ZNF467
4,ZKSCAN2
4,WRAP53
3,GPC5-AS1
3,MMP2-AS1
5,AC007773.1
1,VPS37D
1,USP20
3,AP003059.2
3,PRR34-AS1
3,AC104123.1
3,EDRF1-DT
3,MIR4453HG
5,PRANCR
3,AC127024.5
3,AC010327.5
3,VCAN-AS1
3,DDN-AS1
1,TAF9B
1,SYNGR1
4,SURF2
2,SREBF1
4,SPTBN4
4,SPEG
1,SPATC1L
1,SPAG4
2,LINC00261
4,SLC8A2
4,SALL2
4,ROM1
3,SMC2-AS1
7,AC008629.1
3,AC046134.2
3,AL157400.3
3,AC000068.1
3,AC023632.2
3,LINC01942
3,AC012213.1
3,ZBED3-AS1
3,AC104211.1
3,TMEM30A-DT
1,PSIP1
1,POLR3F
1,PIGP
1,PDZD4
4,OAZ2
4,NAT14
1,NAPA
3,AC025580.2
3,AC008966.1
4,MGAT4C
4,METRN
4,MED22
1,MCOLN3
1,MAST3
4,LY6H
4,LRRC4B
4,LENG1
1,LDOC1
1,LACTB
4,KLHL22
3,AC012313.1
3,AC078777.1
3,Z92544.1
3,AC011603.2
3,AC090204.1
2,AC012640.1
3,AC067852.3
3,AC107027.3
3,AL353796.1
3,SUGT1P4-STRA6LP
3,AC006504.5
3,AC004707.1
3,AC109454.2
3,LINC02381
3,AL356019.2
5,LINC01535
3,AL031716.1
3,AC116913.1
7,AC139530.1
3,AC091153.3
3,AC138207.2
3,AC087457.1
3,AC018462.1
3,AC129507.2
3,AC108471.2
3,AP001429.1
3,LAMA5-AS1
3,AC006148.1
3,FLJ31104
3,AL607028.1
3,AC005076.1
3,AC016907.2
3,AC068389.1
1,HK2
1,HABP4
1,GYG1
4,GRIK5
6,GALNT3
4,FXYD3
3,ZNF790-AS1
3,LINC01091
5,AC015961.1
2,FOXA2
2,PART1
2,SNHG8
1,FAM228B
4,ETNK2
4,ENDOG
4,EML6
4,DPM3
1,DPH5
1,DOLK
4,DLG4
1,DCP1B
3,AC025034.1
2,H1-10-AS1
4,CRY2
1,COPS4
1,CNKSR3
4,CLIP3
4,CHID1
1,CEMIP
4,CELSR2
2,WDFY3-AS2
2,CASP8
4,CADM4
1,BEX1
1,BEND5
2,AP000223.1
2,LINC00526
2,TP53TG1
6,AK4
1,ABHD14A
3,AC078883.1
4,TRIB3
7,AL591501.1
7,AC040168.1
7,AC104819.3
7,LINC02669
3,AC092620.1
3,AC138207.4
3,AL049840.4
3,AC034102.3
3,AC004112.1
6,MMP12
3,LIN28A
7,AC008937.2
7,AC011509.2
3,AL078459.1
7,ADAMTS9-AS2
3,AC073476.2
7,AL445685.1
1,XIST
3,LINC01361
6,ZNF74
3,AC138904.1
3,LINC01977
1,TIMELESS
7,PITPNM2-AS1
7,AL138962.1
7,LINC02259
7,LYPLAL1-DT
7,LINC00582
7,ZNF528-AS1
7,AP001042.1
7,AC010168.1
1,NEMP1
3,AL512656.1
5,AC009065.5
3,AC008663.2
3,AL138921.2
3,CEBPA-DT
3,AC114296.1
3,LINC01635
5,AC138028.4
6,LPAR2
3,AC015853.1
3,AC145207.8
5,AC022211.2
4,ALS2
1,ZMYND12
3,AL137009.1
3,DLGAP4-AS1
4,VPS53
3,ZNF213-AS1
3,AL121992.1
3,INTS6-AS1
3,AL158071.3
3,GAS5-AS1
3,AL050341.2
4,ULBP1
1,TXNRD1
4,TMEM100
1,TIMM23
4,TFPI2
4,TCHP
3,AL050343.2
3,AC024075.1
4,SYT12
4,SURF4
2,STAT1
1,SLC35G2
1,SFXN1
4,SERF1A
4,S100A13
1,RTN4
2,AC073896.2
2,AC004918.1
6,RPE
4,RMND5B
7,AL121895.1
7,HGC6.3
7,AGAP1-IT1
7,LINC01266
7,NR2F2-AS1
7,LGALSL-DT
7,AC112721.2
7,AC126696.3
7,AC026992.2
7,LINC01423
7,LINC02202
7,AP000812.1
7,AC008014.1
7,LYPLAL1-AS1
7,AP002498.1
7,AC092969.1
7,AL049780.2
7,AL359715.1
7,LINC01197
7,AC008554.1
1,RACGAP1
5,FAM225A
1,POP1
4,POLR3C
4,PI4KB
4,PHLDA3
4,PC
1,PARPBP
1,P4HA2
4,NR1D1
1,NOC3L
1,NFE2L3
1,NEK2
4,NCOA2
1,NABP2
1,NAA15
1,MTHFD2
1,MRPS16
1,MRPS11
3,AL138760.1
4,MLEC
1,MFSD12
1,MCM4
4,MAMLD1
4,LTB4R2
4,LPCAT3
4,LIF
1,KIF20B
4,ITGB3
1,IPO8
3,LINC01772
4,HS3ST5
2,SNHG15
2,AC107021.1
3,AC109460.2
3,ZNF337-AS1
3,AC009120.2
2,AC009087.1
2,MRTFA-AS1
3,AC005034.2
3,LINC02718
3,AC027607.1
3,TENM3-AS1
1,GOT2
1,GOT1
1,GART
6,GANAB
5,ZNF710-AS1
5,AL161729.4
5,DNM3OS
5,CEROX1
5,AC025164.1
4,FDPS
6,FARSB
2,AL591848.3
6,ENPP4
4,EIF4EBP3
2,GNG12-AS1
2,CASC2
2,LINC00339
2,UGDH-AS1
2,SEC24B-AS1
2,ZNF346-IT1
2,PCBP1-AS1
2,FAM215B
2,GSN-AS1
2,ENTPD3-AS1
2,EAF1-AS1
2,LINC00663
2,PLCH1-AS1
2,HM13-IT1
1,EGLN3
7,AC020978.7
5,YEATS2-AS1
4,CYB5A
3,NRSN2-AS1
2,NDUFV2-AS1
3,AL049840.2
3,PSPC1-AS2
3,AL132989.1
3,AC104806.2
4,CRYZ
6,CREB3L4
3,AF230666.1
1,CNTN3
4,CNN2
4,CLCF1
4,CIT
1,CENPI
2,CEBPB
4,CDH4
4,CDC26
6,CCT2
4,CACNB3
1,BUB1B
9,BTK
9,BANCR
1,BCAT1
1,B4GALT1
1,ANLN
4,ANAPC13
1,AMFR
4,ADCY6
4,ACVRL1
4,ACVR1B
6,ACP1
4,ZRSR2
4,ZNF778
4,ZNF692
3,LINC01315
4,UCP3
4,TUBA1C
4,TTC16
1,TOX
4,THBS3
6,SYT15
6,STEAP1
4,SS18L1
4,SRSF6
4,SPIB
4,SPACA4
4,SETD4
4,SAT1
6,SAMD3
4,RRM2
7,AC103810.2
7,H2AZ1-DT
7,FAM242C
7,AL121917.1
7,AL356124.1
7,TRIM7-AS1
7,CFLAR-AS1
7,AC046168.2
7,CYP2U1-AS1
7,AL138787.2
4,RASGRP2
4,PYGM
4,PTPRE
4,PLK1
4,NAPSA
4,MZF1
4,MYL6B
4,MYBL2
4,LRRC37B
4,LRIT3
7,LINC00470
4,GSTO1
5,KANSL1L-AS1
5,PRDX6-AS1
5,LINC01359
5,AC008555.2
5,AC107884.1
5,AC090739.1
5,TSPOAP1-AS1
5,NDUFA6-DT
3,RNF213-AS1
5,LINC00342
5,AC093690.1
5,AC073349.1
5,AC005165.1
5,AC106820.2
5,AP002026.1
2,LINC00163
2,TM4SF19-AS1
2,A2M-AS1
4,DNALI1
2,Z83843.1
5,PSMD6-AS2
3,ADNP-AS1
3,AC021739.2
4,CLCN6
4,CDT1
4,CDK3
4,CABLES1
4,C3orf62
4,BTN2A2
4,BIRC5
4,ANKDD1A
4,ADHFE1
4,ACIN1
6,ABCA8
4,ZNF426
4,ZNF20
4,ZEB1
4,TMEFF2
6,TJP2
4,SYTL2
4,SULT1A3
4,SPDYA
4,SMAD1
6,RAB11A
4,PLEKHA3
4,PLA2R1
4,NEGR1
4,MTMR9
4,MAP3K2
4,LSAMP
4,LRRTM2
4,JMJD1C
4,HECA
4,FOXP1
4,FKTN
4,FGF1
4,CYP4A22
4,CHM
4,CCPG1
4,C21orf91
4,ARHGAP28
4,ZEB2
4,WDR7
4,VPS50
4,VPS13C
4,USP34
4,USP24
4,TRPM7
4,TFEC
4,SYCP3
4,ST7L
4,SPG11
4,SMG1
4,SLC8A1
4,SGIP1
4,RTTN
4,RPAP2
4,RNF169
4,RICTOR
4,REV3L
4,RAD50
4,PRKCE
6,POLK
4,PDK1
4,PDE5A
4,NRIP1
4,NFIA
4,NAV3
4,MBD5
4,LRRN3
4,LRBA
4,LIFR
4,KRIT1
4,IFRD1
4,HECTD2
4,GTPBP10
4,GDAP2
4,FRYL
4,FOXN2
4,DMXL1
6,CLASP2
4,CEPT1
4,BMP2K
6,AVL9
4,ATRX
4,ARHGAP10
4,AQR
4,AP4E1
4,ABCA1
3,AF131215.5
3,AL359715.2
3,AL139041.1
3,AC005532.1
3,AL359711.2
3,KCNJ2-AS1
3,LINC01366
3,AC004816.1
3,AC067930.2
6,RIOK2
3,AP005717.1
3,AC114956.2
5,AC010973.2
5,KIAA1614-AS1
3,AL683813.1
3,LINC00534
3,AC093673.1
3,AP000446.1
3,AC078850.1
3,SLC2A1-AS1
7,AC100810.1
5,LINC00189
3,AC007389.1
3,BCDIN3D-AS1
5,MIRLET7A1HG
5,AC243960.3
3,AC093157.1
3,AC105001.1
3,AC006064.2
3,RFX3-AS1
3,AL049870.3
3,AC037459.2
3,CPSF4
6,CD55
6,ZWILCH
1,ZNF462
3,AL606489.1
3,EXOSC10-AS1
3,GAS1RR
3,AC009121.3
6,WDR12
1,VASH1
3,AC131009.1
3,AC009005.1
6,UBR7
6,TSR1
6,TRIB2
6,TRAK2
1,TRAF3IP2
6,TNPO3
1,TNC
1,TMSB15A
6,TGFBI
1,TGFB3
1,TGFB2
1,TFRC
6,TBCCD1
3,LINC01239
3,AC138627.1
3,MAP4K3-DT
3,C1QTNF7-AS1
6,TAF3
1,SYT1
1,STK38L
6,SRF
6,SNRNP40
6,SNAPC2
2,RBM26-AS1
1,SLIT2
1,SLC9A3R1
1,SKA1
6,SEMA4F
6,SAR1A
6,RPIA
1,RGS4
6,RBM17
3,HCP5
3,LINC01094
6,RAD1
6,RABL6
6,RAB7A
6,RAB3GAP1
6,PXYLP1
6,PWP1
5,CARD8-AS1
1,PSMB6
6,PRTFDC1
6,PPP2R5C
1,POLDIP3
6,PNPLA6
1,PNMA2
1,PITPNM1
6,PHF21A
1,PAPPA
1,PALLD
6,PAFAH1B1
6,NUP50
6,NUP205
6,NUP188
3,HOXD-AS2
1,NTNG2
6,NRBP1
6,NPC2
1,NOX4
6,NOL10
6,NME7
1,NIM1K
6,NCBP1
6,NCAPD2
1,MYH15
6,MTA1
4,MRC2
1,MMP2
6,MIOS
6,MFN1
1,MFAP5
1,MEIS3
6,MASTL
1,MAGI2
1,MAFB
6,MAEA
1,LZTS3
6,LMAN2L
1,LLGL1
6,LIMS1
1,LIMK1
1,LIMA1
6,LAPTM4A
1,L1CAM
6,JOSD1
1,JDP2
6,JAM2
1,JAK2
1,ITGA8
1,IL13RA2
6,IL12A
1,IL11
6,IKBIP
3,NUTM2B-AS1
3,LINC02878
3,AC125807.2
2,AC015813.1
3,OCIAD1-AS1
6,IGDCC4
6,HSDL1
6,HPS3
5,AC009299.2
3,AC110995.1
3,AC119403.1
1,HMOX1
6,GXYLT2
1,GRB10
1,GRAMD1A
6,GOPC
1,GNB4
1,GFRA2
1,GFPT2
6,GDF11
1,GATAD2A
1,GAP43
5,LINC01415
5,FEZF1-AS1
5,AL023806.1
6,FKBP7
1,FBXO41
1,FANK1
6,EXTL3
1,EOGT
1,EMP3
1,EMILIN2
1,ELOVL4
1,EIF5A
2,AGBL5-AS1
7,LINC00639
6,DVL3
6,DGKZ
1,COL6A2
1,COL6A1
6,CNPY4
1,CLEC11A
1,CILP
1,CH25H
6,CGGBP1
6,CEP83
1,CDKN2A
1,CD276
6,CCDC6
6,CBY1
6,CALU
1,CA12
1,C1QTNF2
1,BBS9
6,ATG4B
6,ATG16L1
1,APLP1
6,ANKIB1
5,LINC00662
1,AK5
6,ADO
6,ABI2
4,ZC3H8
3,AC027020.2
3,SNHG26
4,XYLT2
3,AC091806.1
5,AC104825.1
3,LOXL1-AS1
3,AC011481.2
3,AL135905.1
1,VEPH1
1,USP32
4,UBE2Z
2,ADIRF-AS1
3,IQCH-AS1
4,TULP3
4,TRIP13
1,TM4SF1
4,TAF1D
3,GABPB1-AS1
4,SMARCD1
4,SLC39A13
1,SH2D5
4,SERPINH1
4,S100A11
1,ROR1
5,AC074117.1
5,LINC01515
3,AL354993.1
3,LINC01393
3,LANCL1-AS1
3,AC010976.1
4,PTMA
4,PPP1R9B
4,PLCE1
4,PARD6B
4,OXTR
3,AC016727.1
1,NT5C3B
4,NIFK
2,NFE2
4,MAPK7
4,LMNB2
4,KPNB1
1,KNTC1
4,IGSF3
3,LINC00654
3,AC009113.1
3,AC132872.2
3,AP000561.1
3,OGFRP1
3,KCNIP2-AS1
3,PPP1R14B-AS1
3,AL356056.2
3,SNAP25-AS1
3,AL512408.1
3,TMEM44-AS1
4,GCNT4
5,AC104667.1
5,AC027796.4
5,LINC02600
5,HOXB-AS1
5,AP002761.3
2,LINC00472
2,MAFG-DT
5,LINC01123
5,AC004951.1
5,AC005785.1
2,LINC00174
3,LINC01191
5,AC022973.5
4,FHL3
4,FAM117B
2,DLGAP1-AS1
4,DMWD
4,DMPK
5,KLF3-AS1
5,LINC02397
1,DDX6
1,DCAKD
4,CUL7
4,CTDNEP1
2,HCG9
2,RUSC1-AS1
3,AC010320.3
3,LINC02055
1,CREB5
4,CLTB
4,CIAO1
4,CD58
4,BRD9
4,B4GALT5
8,ATM
4,ANKS3
4,ZNF408
4,ZNF114
3,LINC00462
3,AC022126.1
1,WDR1
4,VPS18
1,VGLL3
4,VASP
4,URM1
4,UQCRQ
1,UQCR10
3,AL591895.1
3,AC010531.6
3,IL10RB-DT
3,LINC00839
3,CAMTA1-DT
3,HYI-AS1
1,UNC5B
4,UBE2M
6,TTYH3
4,TSPO
4,TRPC3
4,TRIM46
4,TRIM28
4,TRADD
4,TNIP1
4,TMEM161A
6,TMEM156
4,TMCO4
4,TECR
1,TBXA2R
4,TBC1D22A
4,TARBP1
1,SYNPO
4,STIL
1,ST3GAL1
4,SPRYD3
4,SNX8
4,SMOX
4,SLC25A1
4,SLC22A14
4,SLC22A13
4,SLC10A1
4,SHKBP1
4,SHC1
4,SH3GL1
2,SERPINE1
4,SEMA4A
4,SCYL1
2,AL662791.1
4,RUVBL2
4,RPS15
4,RPS11
4,RPL18
4,RPL13A
4,RNF185
1,RIN3
4,RGS7
1,RGMA
4,RFXANK
4,RER1
4,REC8
7,LINC02099
7,AC116348.1
7,LINC01569
7,AL356441.1
7,TSBP1-AS1
7,LINC02021
7,AC084866.2
7,AC016924.1
7,AC093496.1
7,AC005670.1
7,AC116903.2
7,AL359313.1
7,LINC02036
7,FAM53B-AS1
4,RBM24
4,RAB1B
4,PTTG1
4,PTPN6
4,PSMB5
4,PRPF31
1,PRKDC
4,PRKAA2
4,PPP1R37
4,PPM1D
4,POLD2
1,PODN
4,PNPLA3
4,PLEKHM2
4,PKD1L1
1,PIN1
4,PI4K2A
4,PHACTR3
1,PEA15
4,PDE8A
4,PARP10
4,PAF1
4,OSBPL9
4,OMA1
4,OLFML1
4,NUP210L
4,NUBP2
4,NTN5
4,NR1H2
4,NOC4L
4,NME1
4,NFKBIB
1,NEURL1B
6,NENF
4,NACC1
2,LINC02586
2,LINC00173
4,MSX2
4,MRPS34
4,MRPS15
4,MRPL28
3,AL157935.1
1,MMP19
4,MMP14
4,MGST2
4,MGRN1
1,MGP
1,MFSD1
4,MAP2K2
1,MAN2B1
1,MAN2A1
4,LY6K
4,LSM4
4,LRRC37A3
4,LAMTOR1
4,KLHL21
1,KIF13B
4,KDELR1
6,KCNJ15
4,JOSD2
1,JAZF1
1,ITGB5
1,ISLR
4,INTS2
9,IL24
3,AL604028.1
3,VASH1-AS1
1,IFI27L1
1,HTRA1
2,PCOTH
3,LINC01116
3,AC087636.1
3,AP000880.1
3,AL590705.1
4,HMMR
4,GYG2
4,GRIK4
4,GREB1
4,GPR37L1
4,GP5
4,GNL1
4,GNG11
4,GNA13
4,GIPC1
4,GDF9
4,GBP7
1,GAS7
4,GALR2
1,GAL
3,AC016876.2
3,AL035071.1
3,AC124798.1
4,FSD1L
6,FLVCR2
4,FLOT1
1,FGD5
4,FARSA
1,F2RL1
1,ELOVL5
4,ELMO3
4,EIF4H
2,LINC00702
1,EFS
1,EDNRA
4,EDF1
1,ECM2
2,LINC00426
4,DSCAM
4,DNAJA4
1,DEPTOR
1,DEPDC1
4,DDX49
4,DCST2
4,DCC
1,DACT3
4,CUZD1
4,CORO1B
4,COMMD4
1,COL1A2
1,CNFN
4,CKMT2
4,CHMP2A
1,CGREF1
4,CFL1
4,CENPB
4,CELF3
1,CDH13
4,CD2BP2
4,CD160
4,CCER2
4,CATSPERG
4,CALM3
1,CACNA1A
4,BTBD2
4,BRMS1
4,ATF5
4,ATAD3A
4,ARRB2
4,ANP32B
1,ADGRA2
1,ADAMTS2
1,ADAM12
4,ACTN4
1,ZNHIT1
1,ZNF516
1,ZC3H12A
5,LNCOC1
3,LINC01270
3,AC011450.1
3,AC027288.3
1,VASN
3,AC073529.1
3,AC069360.1
4,UACA
1,TUBGCP2
1,TPPP3
1,TMEM91
6,TMEM8B
4,TCF21
1,TCEA2
3,LINC01697
4,STK25
4,STARD13
1,SS18
1,SRRT
1,SNED1
1,SMIM20
1,SLC25A28
4,SLC16A3
1,SHH
1,SERPING1
6,SCN2A
1,RNASET2
1,RELL1
6,RCAN1
7,LINC00327
7,AC103740.1
7,AC079384.1
7,AL589745.1
3,TRAF3IP2-AS1
3,AC105206.2
3,REPIN1-AS1
7,AL049828.1
7,LINC00683
7,RNF216P1
7,LINC01505
7,ACTN1-AS1
7,HIF1A-AS3
7,ARHGEF35-AS1
7,ARHGAP29-AS1
7,AP001372.2
7,SMIM2-AS1
7,LEF1-AS1
3,BDNF-AS
7,TMEM9B-AS1
7,LINC01106
7,AC137894.1
2,LINC00240
7,AC098818.2
7,LNX1-AS2
7,FLJ46284
7,AP001767.2
7,AC018521.5
7,AC012313.6
7,OSMR-AS1
3,AC004540.1
3,POT1-AS1
3,AC026202.2
1,RASL10A
1,RAD17
1,PRC1
4,POLH
1,PEX11G
1,PCK2
4,OBSL1
1,NXF1
1,NOP2
1,NFKBIZ
1,NCEH1
4,MYO5C
3,LRP4-AS1
1,MAP1LC3A
1,LMBR1L
1,KLF10
4,ITGB6
1,ITGAE
1,ING4
1,IKBKB
3,AC026471.1
1,IFT122
6,HSP90AB1
2,HOXA4
3,AC107982.3
3,SEMA3F-AS1
3,LINC00943
1,GJC2
1,GJA1
4,GALNT11
1,GAA
3,AL354989.1
2,JPX
1,FBXW4
1,FAM43A
4,EXT1
1,EXOG
1,EVA1C
1,EPB41L2
1,ENGASE
2,DIO3OS
1,EFNB2
1,EFEMP2
2,PAXBP1-AS1
4,DIS3L2
1,DBNL
1,CXCL6
1,CTF1
1,CSNK1E
1,CLN3
1,CIRBP
1,CHST14
4,CDKL2
4,CDC5L
1,CBLB
1,CAV1
1,CASP1
4,CAB39
6,C7orf31
1,C1QTNF1
1,BUD31
1,BNIP2
4,ASB1
1,AIFM2
1,ACAD9
6,ABCF3
1,A4GALT
4,ZNF300
6,ZKSCAN7
7,AC093895.1
3,ARHGEF26-AS1
3,AL355916.2
1,USP5
4,UPK2
6,UPK1B
3,AC138028.1
7,AC008781.1
7,AL078590.2
4,UBE2C
2,MIR31HG
6,TYRO3
1,TUBG1
4,TROAP
4,TRMU
4,TNNT2
4,TNFSF15
4,TMPRSS2
4,TBX3
3,AC011379.2
4,SYTL1
1,SUOX
4,STX6
1,STING1
2,STAT2
4,SRMS
4,SPC24
1,SOD3
6,SMTN
4,SMARCD2
4,SLC38A4
4,SLC26A6
4,SLC25A33
4,SLC13A4
4,SKA3
4,SIX1
1,SHMT1
1,SH3PXD2B
4,SERF1B
1,SBSPON
4,RRAGD
6,RPL4
6,RPL38
6,RPL27A
4,RNF130
6,RIPK2
7,AC018467.1
7,AL031963.2
7,AL035458.2
7,AC005480.1
3,AC004039.1
7,SOCS2-AS1
7,AC007639.1
3,AL035071.2
7,AC005104.1
7,AL049780.1
7,C1RL-AS1
7,AL807752.5
7,LINC01252
3,AC013652.1
3,AF117829.1
3,AC079848.1
1,RAB40B
4,RAB27B
4,RAB15
4,PSCA
6,PROCR
6,PPP6R2
1,PPP1R3E
6,POLR1D
1,PLXND1
4,PLXNB3
4,PLXNA2
4,PLB1
1,PLAUR
6,PHKA1
4,PAK6
6,PA2G4
4,OSR1
4,NUBP1
4,NT5DC2
6,NOP56
4,NOP14
6,NOL12
1,NLGN1
4,NDUFS3
4,NCCRP1
4,NAT9
4,NANS
1,MTMR12
1,MPHOSPH9
3,DUXAP8
1,MLF2
6,METAP1
1,MELTF
6,MEIS1
6,MECOM
4,MAPK3
6,MAPK10
6,LYAR
1,LRP3
4,LDLR
4,LAD1
1,KY
6,KRT15
4,KLHDC8B
6,IMPDH2
3,AC006538.1
3,AC022916.1
4,IFITM10
6,IDH1
1,HYAL3
2,SNHG11
4,HSD17B2
3,AC138028.2
3,AC019197.1
3,LINC02709
3,LINC00621
3,LINC01857
1,HHEX
4,HEXB
2,SNHG5
4,GOLT1A
4,GDPD3
1,GBGT1
2,ACAP2-IT1
2,ZDHHC20-IT1
4,GATA5
4,GATA3
4,GAN
4,GABARAP
3,CCDC183-AS1
3,AL590705.3
3,LIPE-AS1
5,AC073332.1
5,AC022613.1
5,AC090152.1
4,FOXD4
1,FNBP1L
5,TMPO-AS1
4,FLAD1
4,FCHO1
4,FASN
4,FAM83D
6,EPHX4
6,ENOSF1
4,EMP2
6,ELF4
2,ELF1
1,EEF1A2
4,E2F8
4,E2F7
6,E2F3
6,DOK7
1,DOK5
6,DIO2
2,DICER1
5,MIR924HG
5,AL121839.2
6,DGAT2
4,DDX55
1,DDX21
1,CRY1
4,CRISPLD2
6,CRELD1
4,CREBL2
1,CPT2
6,CPT1C
3,AC011503.2
3,CCDC144NL-AS1
4,COTL1
4,COMMD1
2,COL2A1
4,CILP2
4,CHMP4A
6,CHCHD3
2,CARMN
2,CEBPA
4,CDCA3
4,CDC20
4,CD99L2
4,CCNL2
2,CCNB1
2,SOX2-OT
1,CCHCR1
4,CCDC88C
6,CCDC86
4,CBX2
4,CACNA1G
1,C3
1,C2
2,GS1-594A7.3
4,BLVRB
4,BDKRB2
4,AURKB
4,ATAD3B
6,ARHGDIB
4,AQP3
4,ANXA6
4,AMIGO2
1,ACRBP
4,ACP2
6,ACKR3
1,ACAD8
2,ZNF711
4,ZNF70
1,ZNF7
1,ZNF451
1,ZNF207
1,ZNF131
4,ZMYM3
4,ZGPAT
1,WNT3
3,NEBL-AS1
3,LINC02777
3,MIR34AHG
3,AC092894.1
3,AC004130.2
3,LINC00958
3,AL020996.1
3,AL359317.2
3,AL121672.2
5,LINC01806
1,WDHD1
1,VPS45
1,UTRN
1,USP39
1,UPF3B
3,AC025917.1
3,NINJ2-AS1
3,LINC02361
1,UBAP2L
3,HOXC-AS1
1,TXNIP
1,TUBGCP4
1,TRMT6
4,TRIOBP
1,TRAF5
1,TPBG
4,TOM1L2
1,TMX3
4,TMEM43
1,TMEM167A
3,APTR
3,AL031058.1
3,LGR4-AS1
1,TFDP1
1,TEX10
1,TCF3
4,TBRG1
1,SUZ12
1,STXBP5
1,STK19
1,SRSF3
4,SRRM1
1,SPAG9
4,SMAD7
1,SLTM
4,SLITRK5
1,SLC27A3
1,SHC4
4,SGSH
1,SFPQ
1,SF3B4
1,SEC61A2
1,SDC2
2,SNHG16
1,RRH
4,RRAGB
4,RNF217
1,RHOU
4,RHOT2
1,RFWD3
4,RECQL5
4,RDH13
5,RBPMS
1,RBMX
4,RBMS3
7,AC090912.2
7,AC108134.3
7,AC011346.1
7,AC136604.2
7,RAB11B-AS1
7,MZF1-AS1
7,LINCR-0001
7,AC018730.1
7,ITPR1-DT
7,AL008729.1
7,AL034417.2
7,AC116535.1
7,LINC00479
3,PIK3IP1-DT
7,AC091180.2
7,AL451042.2
3,LINC02614
3,AC009126.1
3,RBM5
7,LINC01376
1,RBM4
1,RBM39
3,AGBL5-IT1
3,RBM15-AS1
4,RAVER2
1,RASAL2
1,RALGPS2
4,RAB24
1,PYGB
4,PVRIG
1,PTPRU
1,PTK7
6,PSPC1
1,PSMA3
1,PSMA2
1,PRPF38B
1,PRPF3
1,PRMT1
1,PRKAB2
1,PRKAA1
4,PPFIA1
1,POLR1C
4,POLM
1,PNN
1,PLPPR2
1,PLOD2
6,PIGC
1,PHIP
4,PHF7
1,PHF20L1
1,PDGFA
1,PDE6B
4,PCNT
1,PCID2
4,PCGF2
4,PCGF1
4,PBX2
1,P3H1
1,ORC2
1,OFD1
1,ODF2
1,NOP58
4,NOL3
1,NOC2L
1,NISCH
4,NDOR1
4,NCBP3
4,IDI2-AS1
6,NAT10
4,MTMR3
3,AC068338.2
3,NOP14-AS1
6,MFSD8
4,MC1R
1,MAP4K5
1,MAML1
1,MALT1
1,LRP4
4,LRCH4
1,ZNF846
1,LMNA
4,LIN7B
1,LBR
1,LAS1L
1,KITLG
1,KIDINS220
1,KDM5B
1,JAG1
4,IGHMBP2
3,NCKAP5-AS2
3,AL603839.2
3,AC005606.2
4,IFT80
4,ID2
1,HOOK3
1,HNRNPD
1,HNRNPA3
3,AF127577.4
3,AC015712.2
3,AL035701.1
3,AC005208.1
3,CCDC13-AS1
3,AC090617.5
3,LINC01625
3,AL109947.1
7,AL050309.1
3,SACS-AS1
3,LHFPL3-AS2
3,AL033384.1
2,DLEU2
4,HELZ
1,GSTA4
1,GPX7
1,GPD2
4,GPATCH8
1,GPATCH2L
1,GLCCI1
1,GCA
1,FZD6
5,AL445645.1
3,AC121757.1
5,LINC00343
3,AC024075.2
5,AP000787.1
5,AL049838.1
5,AL136366.1
5,ZNF793-AS1
5,SOX9-AS1
5,AC136475.2
5,TMEM51-AS1
3,DOCK9-DT
5,AC012313.5
5,FAM13A-AS1
5,PPM1F-AS1
3,MIR3936HG
5,SERTAD4-AS1
5,AC253536.3
5,ATP2C2-AS1
5,AC245052.4
5,AC108860.2
5,LINC01135
5,AP005329.1
2,PAN3-AS1
5,IRF2-DT
3,Z97989.1
3,AC107068.1
7,FLJ37453
5,AL022069.1
3,LIFR-AS1
5,SNHG22
5,AC012676.1
3,AL162377.1
5,KRT7-AS
3,LHFPL3-AS1
5,TRHDE-AS1
3,AL390195.2
5,AP001528.1
5,AL162231.4
2,FOSL2
2,EPB41L4A-AS1
4,FLT3LG
1,FGF14
1,FBXL4
6,FBXL12
4,FAM83H
4,EZH1
1,EXOSC2
1,EVL
1,EML4
1,ELOVL1
2,LINC00852
2,LINC00562
2,LINC00460
1,DUS3L
1,DPY30
1,DNMT3A
4,DNM2
1,DNA2
1,DHX9
1,DHX15
5,AL022344.1
3,AL138756.1
5,AC072061.1
5,LMNTD2-AS1
3,ADAMTS9-AS1
2,LINC00271
5,AP000866.2
1,DDX20
1,DDHD1
1,DCLRE1C
3,AP001267.3
3,AC022395.1
3,AC073896.4
3,VPS13B-DT
3,AC015726.1
3,SATB2-AS1
3,AC087477.2
3,AC104938.1
3,AL357140.2
3,AC007566.1
3,CERNA1
1,CMTR1
4,CLCN2
1,CHORDC1
4,CHKA
1,CHIC2
1,CHD8
1,CERS5
1,CEP192
1,CEP128
1,CCNT2
4,CBFA2T2
1,CAMK1D
1,CAD
4,C9orf72
1,C4orf46
1,BTAF1
1,BRD1
1,BLVRA
1,BIVM
4,BCL2
1,BBS1
1,BAZ1A
1,BANF1
1,ATP9A
6,ASB3
1,ARHGEF28
4,ARFGAP1
1,ANXA1
1,ANKRD39
4,ANKDD1B
1,AMMECR1
5,ALKBH5
1,AGRN
4,AGBL2
6,ACVR2A
1,ABL2
1,ABL1
6,ZNF518B
6,ZNF488
6,YTHDF3
6,UROS
3,NORAD
3,AC016027.2
3,AC087071.2
3,AC018742.1
3,SUCLG2-AS1
6,UCK2
2,GNAS-AS1
2,LINC00184
4,TUBB3
6,TOB1
6,TMEM41B
6,TMEM33
6,TLK1
3,MIR222HG
7,WARS2-AS1
3,AC019205.1
3,MIR646HG
6,ST3GAL4
2,SPI1
6,SOBP
6,SNAPC1
6,SMPD1
6,SLC2A8
6,SLC25A5
6,SLC25A4
6,SLC22A17
6,SLC19A2
6,SH3RF3
6,SGPP1
6,SESN2
6,SC5D
2,TSPEAR-AS1
6,RDH11
3,AL139220.2
3,AL359232.1
7,SLC8A1-AS1
3,AC137630.1
3,LINC01603
3,UBL7-AS1
4,PSRC1
6,PSPH
6,PSME4
6,PSKH1
6,PRRG1
6,PIGS
6,PGP
2,PBX3
6,OAT
2,NR3C1
6,NNT
6,NDUFA4
6,MTMR6
6,MTCL1
6,MRPS30
6,MRPL35
3,FAM201A
3,LRIG2-DT
2,SNHG6
3,AC096719.1
3,PRR7-AS1
6,MOSPD1
6,MOB1B
6,MFHAS1
6,MAPK6
6,LYPLA1
4,LRPAP1
6,LRP6
6,LARP4
6,KLHL42
2,ATP6V0E2-AS1
3,SP2-AS1
3,LINC00467
3,TMEM202-AS1
3,AC009948.1
3,LINC01291
3,AC010186.3
3,TTN-AS1
3,COX10-AS1
3,THUMPD3-AS1
3,ZNF433-AS1
3,CHROMR
3,AL445524.1
3,USP46-DT
3,PTOV1-AS1
3,DHRS4-AS1
3,AC025171.1
3,ST7-AS1
5,AC005498.3
6,IDH3A
6,HUS1
6,HSPA2
4,HSPA1B
6,HSP90AA1
2,PRRT3-AS1
3,AC074032.1
7,AC016745.1
3,SATB1-AS1
3,STEAP3-AS1
3,LINC01436
3,PRKAR2A-AS1
3,CDK6-AS1
3,AC124248.1
7,SCAT1
3,AC116021.1
3,STXBP5-AS1
3,LINC01301
3,AC139100.1
3,LEMD1-AS1
3,LINC02345
3,B4GALT1-AS1
3,LINC01303
3,AL353150.1
3,LINC02828
3,LINC00664
3,AL035446.1
6,HECTD1
6,GULP1
6,GSTM3
6,GRSF1
6,GRHL3
6,GPNMB
6,GMFB
6,GINS3
6,GDE1
6,FZD7
5,NAGPA-AS1
2,FOXH1
2,FOS
6,FNIP2
6,FH
6,FAM174B
6,FAHD2A
2,AC005225.3
3,ZNF232-AS1
2,LINC00310
6,ENOPH1
7,LMCD1-AS1
3,SLC25A5-AS1
3,BSN-DT
2,UBAC2-AS1
2,MAP3K20-AS1
2,APCDD1L-DT
6,EDEM1
6,DPYSL4
6,DNASE1
6,DNAAF2
6,DLD
6,DLAT
5,FIRRE
5,AC027373.1
6,DCK
6,DARS2
6,CYCS
6,CTPS1
3,AL121672.1
2,GHRLOS
7,MIR181A2HG
3,FOXP4-AS1
3,AC036108.1
2,PRKG1-AS1
3,STX18-AS1
3,AL929236.1
6,CLN8
4,CFP
6,CFL2
6,CENPV
2,LINC00857
6,CASKIN1
3,SREBF2-AS1
3,AC007342.4
6,CAPN7
6,C5orf22
6,BOLA3
1,BCL2L1
6,BAMBI
6,ATP6V1H
6,ATP6V1G1
6,ATP6V1D
6,ATP6V1C1
6,ATP6V0D1
6,ARL6IP1
6,AREL1
6,AP5M1
6,ANKS1A
6,ALDH1B1
6,AIMP2
6,ACAT2
6,ABR
3,AC010504.1
3,AC009779.2
3,AC024575.1
3,RNASEH1-AS1
3,PLBD1-AS1
5,LINC02762
3,SCAMP1-AS1
3,CRTC3-AS1
7,TARDBP
7,ZRANB2-AS1
2,EGOT
4,SOX13
4,SIGIRR
4,SH3GLB2
7,PARD3-AS1
7,AC026369.1
7,AC004160.1
7,CT66
7,AP000866.1
3,Z98884.1
3,ZBED5-AS1
3,LINC01140
3,AC015631.1
3,AC025569.1
3,CYP51A1-AS1
3,Z84485.1
3,LINC01137
3,AC027237.3
7,AL359710.1
3,SDCBP2-AS1
2,ZNF503-AS2
2,ST7-AS2
4,MUC4
3,AL450263.1
3,MIR181A1HG
2,MIR99AHG
4,LLGL2
3,ZFPM2-AS1
3,AC008429.1
2,IFNG
4,HOOK2
3,AL139383.1
3,AC092652.1
7,AC037487.1
3,BET1-AS1
3,AL592430.1
3,AC079145.1
5,TAX1BP1-AS1
3,DIAPH2-AS1
5,SOS1-IT1
3,FRG1-DT
5,AF131216.1
5,TMC3-AS1
5,CADM3-AS1
5,AC097634.1
5,ERI3-IT1
5,AC002456.1
5,AC091057.2
5,AC138150.1
5,LINC02432
3,ITGA9-AS1
2,KIF9-AS1
5,GTF3C2-AS1
5,COL18A1-AS1
5,AL161457.2
2,AC069224.1
2,DSCR9
2,NECTIN3-AS1
2,CTD-2297D10.2
5,AL137782.1
3,LINC00519
3,AP000781.1
3,AL136531.1
3,ZRANB2-AS2
3,AC023906.5
5,LINC02848
3,AC103702.1
6,CD200
2,BRF1
2,RBMS3-AS2
6,BDNF
6,ZNFX1
6,ZNF830
4,ZNF710
4,ZNF654
1,ZNF627
4,ZNF480
6,ZNF438
6,ZNF362
6,ZNF251
4,ZNF217
6,ZKSCAN4
4,ZFHX3
6,ZFAND5
4,ZDHHC13
4,ZC3H4
1,ZC3H15
6,ZBTB46
1,YWHAE
1,XRCC5
4,XPA
6,XAF1
1,WWOX
6,WWC3
4,WNT16
6,WDR37
3,AC015845.2
3,CIRBP-AS1
3,AC009088.1
3,AC093010.1
3,Z99943.1
3,AC007220.1
3,LINC01762
3,SPINT1-AS1
3,LINC00494
3,SLC9A3-AS1
3,AC048341.1
4,VTI1B
1,VPS26A
6,VPS13A
9,VEGFA
1,UTP18
4,USP3
4,USP16
1,USP14
1,USP10
6,UPF2
3,AC118754.1
3,LINC01700
3,EPS15-AS1
3,AL139287.1
7,AC009065.2
3,AL109615.3
1,UCHL5
6,UBTF
4,UBR5
1,UBLCP1
6,UBE2N
1,UBE2L3
1,UBE2E2
2,SH3BP5-AS1
1,TTC33
6,TTC32
4,TTC3
6,TTC14
6,TTC12
1,TSN
6,TSHZ1
6,TSC22D1
6,TSC2
1,TRUB1
4,TRIP11
6,TRIM4
4,TRAPPC6B
4,TRAPPC10
1,TOR3A
3,AC108134.2
2,AC007098.1
4,TNRC6B
6,TNKS1BP1
1,TNFRSF19
6,TMC6
6,TIMP4
6,TIMP3
1,TIMM17A
1,THADA
6,TGOLN2
2,HCG20
6,TET3
4,TCP11L2
6,TCP11L1
3,AC114316.1
3,LINC01355
6,SYNE2
1,SUMF2
4,STRBP
1,SSBP1
1,SRPK1
1,SRFBP1
6,SPRY2
4,SPIRE1
2,LINC01933
2,SPDEF
2,CCDC26
4,SNX13
1,SNTB2
4,SMURF1
6,SMG6
6,SMAD6
1,SMAD5
2,SMAD3
2,MIAT
4,SLMAP
6,SLC44A2
1,SLC30A6
1,SLC26A2
6,SLC25A30
6,SLC25A29
4,SLC14A1
6,SKI
6,SIN3B
6,SIN3A
1,SHOC2
6,SHANK2
6,SH3D19
6,SH3BGRL2
4,SFMBT1
6,SF3B1
6,SETX
4,SETD2
6,SESN1
1,SERTAD4
6,SERPINB6
4,SELENBP1
1,SEH1L
6,SDCCAG8
1,SDAD1
4,SCNN1A
1,SATB2
6,SAP30L
6,SALL1
6,RXRB
4,RTEL1
6,RSAD2
1,RRP15
6,RPS6KA2
1,RPRD1A
6,RPF1
6,RNF146
6,RIPK1
1,RHNO1
1,RHEB
4,RGMB
6,RGCC
6,RFTN1
2,FTX
2,ANKRD10-IT1
1,REG1A
1,RDX
1,RBMXL1
3,LINC01480
6,RBFOX2
6,RASEF
6,RASA1
1,RAB11FIP5
1,RAB11FIP2
6,PYROXD2
5,AC021078.1
5,PUM2
5,THAP9-AS1
6,PTPRR
6,PTPRM
1,PTGES3
2,MIR155HG
2,LBX2-AS1
6,PSMD1
1,PSMA5
1,PSMA4
6,PRPF4B
1,PRPF18
1,PREPL
6,PRDM2
1,PPP1CC
4,PPM1A
2,PPARGC1A
2,PPARG
4,PPARA
2,USP12-AS2
2,LINC00337
2,SUCLA2-AS1
1,POLR1B
6,POLD3
6,POGZ
6,PODXL
4,PHLDB2
4,PHC3
6,PHC2
6,PGS1
6,PGM5
6,PGAP3
6,PER2
4,PDP2
6,PDCD11
6,PCSK5
6,PCMTD2
1,PCMT1
6,PCDH18
6,PALB2
1,PAIP2
6,OSBPL5
4,OPA1
6,OLFML2A
6,OAS3
6,OAS2
3,AL139095.4
6,NSUN2
6,NSMF
6,NSMCE4A
1,NSMCE1
6,NSD1
4,NPTN
6,NOSTRIN
6,NOLC1
6,NHSL1
6,NET1
6,NECAP1
1,NDFIP1
1,NDC1
4,NCOA7
6,NCK2
4,NCALD
2,WWTR1-AS1
2,NANOG
2,FAM66D
4,MYO5A
6,MX1
4,MTSS1
6,MTR
6,MSL1
4,MSI2
1,MSH2
1,MRPS9
4,MPPED2
6,MPPE1
3,LINC01151
3,TBILA
3,LINC00298
3,AL109615.2
1,MOCS2
6,MLKL
1,MICU1
6,MIB2
6,MGLL
4,MEGF9
2,MED12
6,MCTP1
6,MCM3
2,MIR210HG
6,MAU2
1,MAPK1
6,MAP3K5
6,MAP2K4
6,MAML3
4,MAGI3
1,MAGEF1
6,LUC7L3
6,LSM6
6,LSM14A
1,LRRC58
4,LPP
6,LLPH
4,LETM1
4,LDHD
6,LDB1
6,LARP7
1,LARP6
1,LANCL1
4,LAMA5
1,KLHL20
6,KLF9
1,KLF11
6,KLC4
1,KDM3A
1,KBTBD6
6,KAT6B
6,KANSL1
6,KANK2
4,JMY
4,ITPR2
4,INTS6
6,INTS12
4,INPP4B
1,INIP
6,IL17RA
6,IL11RA
6,IGFBP4
3,BOLA3-AS1
3,PDCD4-AS1
3,AC105942.1
3,JAZF1-AS1
3,AC027307.2
3,SLC16A1-AS1
3,AC012213.2
3,ZFHX2-AS1
7,IGF2
1,IFT46
6,IFNGR1
6,IFIT3
6,IFIT2
6,IFIT1
6,IFIH1
6,IFI44L
6,IFI44
6,IFFO1
6,HYAL2
4,HSPH1
6,HSPG2
1,HSF2
6,HNRNPUL2
6,HNRNPM
6,HNRNPH3
3,LINC01963
3,TRAM2-AS1
3,AC008555.4
6,HMGB2
6,HK1
6,HGS
2,LINC00612
6,HERC6
6,HERC4
4,HERC3
6,HEG1
6,HECW2
6,HEATR5B
6,HAL
6,GTPBP4
1,GTF3C4
1,GTF2A2
4,GSK3B
6,GPKOW
4,GPC6
6,GPATCH11
1,GOSR2
4,GOLM1
6,GOLGA5
4,GOLGA4
1,GLRX2
6,GLIS3
6,GLG1
6,GIT2
6,GFOD1
2,GATA2
4,GAS6
6,FZD4
6,FYTTD1
6,FUT11
7,PANTR1
5,AC147067.1
5,ZNNT1
5,AC067852.2
5,Z97192.2
6,FRMD4A
6,FOXK1
2,LINC00159
2,FLVCR1-DT
2,LINC00161
7,LINC00334
2,LINC00589
4,FNIP1
6,FKBP15
1,FBXO28
6,FAT4
1,FAR2
1,FAIM
6,EXOC2
2,ETS1
4,ETFDH
2,LMO7-AS1
4,ESRP1
6,ERLIN1
2,ERG
2,LINC00205
6,EPN2
6,EPC2
6,EPC1
6,ENG
2,LINC00324
2,LINC00323
1,EIF3J
6,EFL1
6,ECHDC1
2,PSORS1C3
2,SNHG10
2,LINC00299
2,KTN1-AS1
2,DLEU1
2,FAM66B
2,FAM66C
2,EBF1
2,SMG7-AS1
2,MIR4500HG
4,DYRK1A
1,DSTN
1,DNAJC15
1,DHX57
6,DHX38
6,DGKI
4,DEPDC1B
6,DDX60L
6,DDX60
6,DDX24
1,DDX18
6,CYGB
1,CUL2
1,CTTNBP2NL
1,CTSO
6,CTNNB1
2,SOX21-AS1
1,CTBS
6,CTBP2
6,CTBP1
3,AC073346.1
3,SPAG5-AS1
4,CSNK2A1
4,CSGALNACT1
6,CRK
6,CREBBP
4,CPT1A
4,CPSF2
6,CPEB4
1,COPS6
6,COL21A1
6,COL18A1
1,COIL
1,CLINT1
1,CLIC4
1,CIAPIN1
1,CHUK
6,CHD2
6,CEP290
6,CEP135
6,CEP131
6,CEP112
6,CDK19
1,CDC27
1,CDC123
1,CCT3
1,CCNYL1
1,CBX5
4,CBLL1
1,CAPZA2
6,CAP1
1,CAND1
1,CAMLG
4,CAMK1G
6,BTN2A1
6,BOC
6,BMS1
6,BDH2
6,BCL6
2,SNHG9
2,LY86-AS1
2,LINC00211
2,LINC00476
2,HCG14
2,CYP1B1-AS1
6,BCKDHB
6,BAZ2A
4,BAG5
1,B3GALNT1
6,ATXN7L3
6,ATXN1L
6,ATP2B4
6,ATOH8
1,ATIC
4,ATG4A
1,ATF6
4,ASTN2
6,ASAP1
1,ARSB
1,ARMT1
6,ARL8B
4,ARIH2
1,ARHGEF37
4,ARHGAP5
1,ARHGAP29
4,ARFGEF1
4,ARAP1
2,RHPN1-AS1
6,APP
1,API5
6,APBB2
1,AP1G1
4,ANKRD28
6,AMD1
1,AKTIP
4,AKT2
1,AHR
4,AFG3L2
6,AFAP1
6,ADGRL2
6,ADD1
1,ADAT1
6,ADAR
6,ADAM17
6,ACLY
1,ABRACL
4,ABCF2
1,ABCE1
1,ABCB10
4,ZNF124
3,AL513534.2
3,AL132656.2
7,GORAB-AS1
3,AC012313.8
3,AC125437.1
3,DLX6-AS1
2,TFAP2A
3,HDAC2-AS2
3,AC078881.1
3,LINC01356
3,CSTF3-DT
4,SLC31A2
3,LINC00243
3,AL121899.1
7,NFIA-AS2
3,DNAJC27-AS1
3,AC022893.1
2,HGF
4,HELLS
6,GANC
2,TM4SF1-AS1
2,AC005562.1
3,AL360270.1
9,CDH1
2,H19
2,IFNG-AS1
1,SFRP1
6,RPL31
6,RPL23
2,FOXD2-AS1
6,ATPAF2
2,ZBTB33
6,PDRG1
4,ARL16
2,ZZZ3
3,YTHDF2
3,AL590617.2
3,AF196972.1
2,ASH1L-AS1
2,TP53
2,TNRC6C
3,MINCR
2,PITPNA-AS1
1,SNRPD2
2,SIRT6
3,AC053527.2
2,POLR3A
6,POLR2H
2,NR2C2
1,LDHB
3,SNHG30
3,AC104695.3
3,LINC01128
2,GATA6
5,Z95115.1
2,PVT1
3,MIR762HG
3,AL118516.1
3,CPSF6
3,CPSF3
2,MAPKAPK5-AS1
2,GAS5
2,AR
2,SNHG7
2,IRF4
3,ALMS1-IT1
3,AC097359.2
5,AC007255.1
2,ESRRA
6,CXXC5
2,CDX2
2,ARHGAP5-AS1
4,ATP6V1B2
4,TRPA1
2,DNAJC3-DT
2,SMAD4
6,PBXIP1
2,CTCF
3,AP003119.3
6,TMEM59L
4,PKP1
3,OSER1-DT
3,UBR5-AS1
6,MAMDC2
2,HOXA-AS2
2,LINC00638
3,AL390066.1
6,TRIM63
7,BX284668.2
7,AC007541.1
6,RNF150
7,AP005329.2
7,AP002992.1
6,PPP1R3C
6,PABPC5
6,FGFR1
6,ANKRD29
1,ZNF223
6,TRAM2
3,FGD5-AS1
6,SGCB
6,SEMA3A
2,RXRA
7,AATBC
4,LOXL4
6,IGFBP5
6,HIPK3
6,GPAT3
7,DNAH17-AS1
6,DAB2
4,CSPG4
4,ZNF614
3,LUCAT1
9,VIM
9,HOTAIR
4,TMOD4
4,TMEM63A
7,AL157938.3
2,TAF1
8,SUFU
8,UCA1
4,STAT6
4,SGSM2
3,AL157838.1
6,RARRES2
3,NUDT21
3,AC016747.1
2,MAGI2-AS3
2,HCG18
2,FOXA1
2,LINC00630
2,MEG3
5,AC002310.1
5,ATP2A1-AS1
5,KCNQ1OT1
5,AC083843.2
5,AC002310.2
5,AC016586.1
5,AF111169.3
5,DACT3-AS1
6,CTSK
4,CTHRC1
3,CSTF2T
2,ENTPD1-AS1
3,CSTF2
3,AL139260.1
4,ARHGAP27
4,AKAP8
3,KLHL7-DT
5,ERVK13-1
3,VIM-AS1
4,S1PR2
4,REM2
4,RELT
2,HCG11
2,CYTOR
4,POLA2
4,PLK4
4,NUDT1
4,NAA10
4,MCM7
4,KPNA2
4,KLC2
3,AP001062.1
4,HSPA14
2,HRAS
2,CDKN2B-AS1
2,HNF4A
2,AC004943.2
4,ERCC6L
4,EEFSEC
3,AC022007.1
4,CENPT
2,CDK2
4,ARPC1B
6,ADAMTS9
6,ZWINT
4,ZNF580
3,LINC00511
2,LAMTOR5-AS1
2,AFDN-DT
3,AC068888.1
3,SNHG3
3,LINC01134
3,TAF15
2,LINC00520
2,LINC00304
2,POU2F2
2,MAX
6,KIF23
1,KIF22
6,KIF18A
6,KIF14
3,AL158166.1
3,IGF2BP3
2,HEY1
2,FOXP2
6,FEN1
2,EZH2
2,AC002070.1
4,DPF1
4,DHX34
6,CHEK1
6,CEP55
6,CENPE
6,CDCA2
6,BUB1
4,BGLAP
4,BCL2L12
2,BATF
2,ZNF263
3,ZFP36
3,ZC3H7B
2,YY1
3,AP003108.1
3,WDR33
3,AL355574.1
3,AC006111.2
3,AL512770.1
3,UPF1
2,U2AF2
1,TYMS
1,TPX2
1,TOP2A
3,TNRC6A
3,AL138976.2
3,AC004156.1
3,AC074212.1
3,AC040162.3
3,LINC00641
3,AC018809.2
3,PSMA3-AS1
3,AL031282.2
2,TTC28-AS1
3,AP000845.1
3,OIP5-AS1
3,AL512791.1
3,SNHG20
3,TMEM147-AS1
3,EIF3J-DT
3,AC007406.4
3,AC107375.1
3,SNHG21
2,HOXA11-AS
3,AF111167.2
3,AC016722.2
3,SNHG19
3,AC018647.2
2,DANCR
3,AC145207.5
3,PINK1-AS
3,CTBP1-DT
3,AC093249.6
2,THAP7-AS1
5,AP000766.1
5,ILF3-DT
3,LINC00667
3,LINC01311
5,AL096870.2
3,AC005261.1
3,SNHG14
3,LINC01766
2,TMEM161B-AS1
3,SNHG29
2,OLMALINC
3,AL049796.1
3,AL121603.2
3,MIR193BHG
3,TIAL1
3,DICER1-AS1
7,TIA1
2,TCF7L2
2,TCF12
3,TARBP2
2,SRSF1
2,SREBF2
2,SP1
2,SMARCC2
2,SMARCC1
2,SMARCB1
2,SMARCA4
2,SIX5
2,SETDB1
2,RTCB
2,REST
7,RBM6
3,RBM10
2,RAD21
3,QKI
2,PTBP1
2,HOTAIRM1
2,POU5F1
2,OTUD6B-AS1
1,PLOD1
1,NUMBL
2,NRF1
2,NFYB
2,NFYA
2,NELFE
1,NEIL3
1,NASP
2,MYC
3,MOV10
1,MKI67
1,MEX3A
2,JUND
2,JUN
4,IL20RB
4,MALAT1
3,IGF2BP2
3,AC092718.4
3,IGF2BP1
2,MIR600HG
2,HSF1
6,HOXC6
6,FENDRR
2,HNRNPC
3,AL513165.1
3,HNRNPA2B1
2,GTF2B
3,FXR2
3,LINC00486
3,FXR1
3,AC092279.1
5,FUS
3,ZNF529-AS1
4,FOXP3
1,FOXM1
2,FMR1
2,EWSR1
2,EP300
2,ELAVL1
2,EIF4A3
2,E2F6
2,STK24-AS1
2,E2F4
2,E2F1
2,SNHG12
5,DGCR8
4,CYTH2
4,NEAT1
3,CPSF7
3,AL158212.3
1,COPS3
1,COLGALT1
4,COL5A1
2,CDK1
3,CAPRIN1
2,BRF2
1,BORA
2,BDP1
2,SNHG1
2,BCL3
2,ZFAS1
2,BCL11A
2,MIR17HG
1,ARHGAP11A
1,CRNDE
